Property_Title,Address,Reviewed_Status,Most_Recent_Status,Source,Market,Occupancy,Flood,Street_Address,City,State,Zip,Property_Type,Highway,Train,Tax_Rate,SQFT_Basement,HTW,Pool,Commercial,Water,Sewage,Year_Built,SQFT_MU,SQFT_Total,Parking,Bed,Bath,BasementYesNo,Layout,Net_Yield,IRR,Rent_Restricted,Neighborhood_Rating,Previous_Rent,List_Price,Zestimate,ARV,Expected_Rent,Rent_Zestimate,Low_FMR,High_FMR,HOA,Underwriting_Rehab,Rehab_Calculation,Paint,Flooring_Flag,Foundation_Flag,Roof_Flag,HVAC_Flag,Kitchen_Flag,Bathroom_Flag,Appliances_Flag,Windows_Flag,Landscaping_Flag,Trashout_Flag,Latitude,Longitude,Subdivision,Taxes,Redfin_Value,Selling_Reason,Seller_Retained_Broker,HOA_Flag,Final_Reviewer,School_Average
"0816 William Key Apt. 514 New Mandy, PA 60145","0816 William Key Apt. 514 New Mandy, PA 60145",New,Cancelled,Opendoor,Dallas,,Flood Zone,0816 William Key Apt. 514,New Mandy,PA,60145,SFR,,Near,2.84,1744,No,Yes,Yes,,City,1984,1171,3545,Driveway,1,1,,Split,9.21,15.49,Yes,4,2400,409279,298988,185292,3174,1358,1467,2981,338,10964,36925,,Yes,Yes,,,Yes,,No,Yes,No,Yes,38.331001,-113.628885,Path,8212,310160,Job Transfer,No,,Priya Sharma,7.29
"066 Rachael Pass Andersonfort, CA 86257","066 Rachael Pass Andersonfort, CA 86257",New,Pending,Opendoor,Atlanta,Yes,,066 Rachael Pass,Andersonfort,CA,86257,Townhouse,Far,Near,1.83,1600,No,,No,City,Septic,1959,3144,5306,Garage,6,1,,Split,9.27,8.47,Yes,4,2944,150851,119262,382068,2246,1703,1153,2491,144,49134,2255,Yes,Yes,,No,No,Yes,No,Yes,Yes,No,No,40.406608,-73.864714,Avenue,8004,193527,Downsizing,,,Amit Kumar,3.93
"25213 Pamela Drives Apt. 749 Jonestown, AL 40651","25213 Pamela Drives Apt. 749 Jonestown, AL 40651",Accepted Offer,Pending,Broker,Dallas,Yes,Minimal Flood,25213 Pamela Drives Apt. 749,Jonestown,AL,40651,Duplex,Far,,1.37,1032,No,No,,,Septic,2010,3329,5738,,3,1,Yes,Colonial,5.66,7.59,Yes,5,1241,451968,385919,358405,2279,2680,1570,2937,74,18246,68308,Yes,No,Yes,Yes,,Yes,No,Yes,No,,Yes,39.266125,-117.329949,Lake,9702,227205,Downsizing,No,No,Luis Garcia,4.23
"038 Evelyn Loop Suite 667 Rioshaven, AR 57171","038 Evelyn Loop Suite 667 Rioshaven, AR 57171",Reviewed,Closed,Bulk,Florida,Yes,Minimal Flood,038 Evelyn Loop Suite 667,Rioshaven,AR,57171,Townhouse,Far,,1.56,762,No,No,Yes,City,City,1988,2028,5194,,4,2,,Split,10.47,8.25,No,2,3192,327458,286937,422793,3105,1570,1967,1355,104,82182,7304,No,,,,Yes,,Yes,,,Yes,,35.965523,-96.338361,Lights,6764,281224,Job Transfer,,,Luis Garcia,4.49
"6555 Alvarez Tunnel North Connor, HI 14399","6555 Alvarez Tunnel North Connor, HI 14399",Accepted Offer,Pending,MLS,Tampa,Yes,,6555 Alvarez Tunnel,North Connor,HI,14399,SFR,Far,Near,1.82,1794,,,,City,,1969,1286,4501,Garage,1,3,Yes,Split,5.49,17.18,,3,982,429858,527800,372724,1618,932,1748,2388,447,41879,44584,,Yes,No,,Yes,,,,Yes,Yes,,39.197442,-107.438644,Drives,2979,504097,Job Transfer,Yes,No,Priya Sharma,4.34
"738 Thomas Ridge Apt. 989 Stephenton, WI 66244","738 Thomas Ridge Apt. 989 Stephenton, WI 66244",Reviewed,Closed,Auction.com,Chicago,No,,738 Thomas Ridge Apt. 989,Stephenton,WI,66244,Townhouse,Far,Near,1.06,1013,No,Yes,No,City,City,1971,1255,5027,Driveway,1,3,No,Split,5.28,13.94,No,4,2155,397237,232693,415460,2646,3604,1400,3321,163,53674,7534,Yes,,Yes,No,Yes,,No,,Yes,,,36.312967,-100.234628,Meadows,8833,479663,Job Transfer,,,Jason Miller,5.19
"41446 Beth Ridge Suite 418 Port Thomasborough, VT 95745","41446 Beth Ridge Suite 418 Port Thomasborough, VT 95745",Cancelled,Cancelled,MLS,Florida,No,Flood Zone,41446 Beth Ridge Suite 418,Port Thomasborough,VT,95745,Duplex,Far,,2.23,1455,No,,No,Well,Septic,1973,2158,1792,Street,3,2,No,Ranch,3.58,17.64,Yes,4,1928,249450,508132,222005,2696,2528,1372,2719,350,5737,74988,No,No,,No,Yes,,No,Yes,No,No,Yes,33.288305,-114.044486,Camp,2774,538357,Investor Sale,No,,Amit Kumar,4.56
"2756 Sheila Coves Port Evelyn, NE 78054","2756 Sheila Coves Port Evelyn, NE 78054",Reviewed,Closed,MLS,Tampa,No,Minimal Flood,2756 Sheila Coves,Port Evelyn,NE,78054,Townhouse,Near,Far,2.25,1531,No,Yes,No,City,Septic,1955,2268,3703,Driveway,1,2,,Colonial,4.77,7.87,No,1,3268,313045,217896,237557,2310,2648,1519,3214,108,64705,77200,No,,No,,Yes,,No,No,,No,Yes,41.985591,-79.613246,Forest,9577,352353,Job Transfer,,No,Amit Kumar,4.76
"3294 Edwards Isle Apt. 985 Johnton, DE 28649","3294 Edwards Isle Apt. 985 Johnton, DE 28649",Closed,Closed,Broker,Dallas,,Flood Zone,3294 Edwards Isle Apt. 985,Johnton,DE,28649,Condo,Far,,2.33,388,,No,No,,Septic,1955,2574,4892,Driveway,5,3,Yes,,7.35,8.99,No,3,1444,197042,201034,589932,1715,2968,735,2781,107,67871,35116,No,,,Yes,,Yes,Yes,Yes,No,Yes,Yes,34.325968,-108.362641,Street,9455,227580,Investor Sale,No,No,Sophia Williams,9.75
"853 Eric Haven Kristinaburgh, IL 82669","853 Eric Haven Kristinaburgh, IL 82669",New,Cancelled,MLS,Dallas,Yes,Flood Zone,853 Eric Haven,Kristinaburgh,IL,82669,SFR,,,1.48,721,Yes,No,No,Well,,1986,861,5748,,6,3,Yes,,3.84,17.26,Yes,2,1084,494607,513358,190050,1558,1878,1704,1907,492,13998,61199,,Yes,Yes,,No,,,No,No,Yes,No,36.176125,-108.731046,Underpass,4252,225299,Investor Sale,Yes,Yes,Jessica Lin,9.52
"994 Amanda Village West Phillipfort, UT 89478","994 Amanda Village West Phillipfort, UT 89478",Accepted Offer,Closed,Bulk,Atlanta,No,Minimal Flood,994 Amanda Village,West Phillipfort,UT,89478,Townhouse,Far,Near,2.72,442,,Yes,,,City,1966,1723,3714,Driveway,3,1,Yes,Ranch,9.15,10.22,Yes,3,2105,281719,107619,297855,2102,1579,1467,2309,408,32284,49137,No,,,Yes,,No,No,,No,No,Yes,40.54534,-88.327203,Place,7950,570267,Job Transfer,Yes,Yes,Jessica Lin,4.9
"22557 Rhodes Bridge Suite 660 West Shaneton, NH 52288","22557 Rhodes Bridge Suite 660 West Shaneton, NH 52288",Closed,Available,MLS,Tampa,No,,22557 Rhodes Bridge Suite 660,West Shaneton,NH,52288,SFR,Near,Far,2.63,241,Yes,No,No,Well,City,2024,962,7240,Street,6,3,,Ranch,6.97,6.28,,3,1074,400527,279992,535806,2834,2774,980,1366,370,20746,59473,,No,Yes,No,Yes,Yes,,Yes,No,Yes,,41.636372,-101.925028,Well,2470,158395,Downsizing,,Yes,Sophia Williams,4.28
"6683 Young Garden Lake Alanstad, MD 42047","6683 Young Garden Lake Alanstad, MD 42047",Reviewed,Cancelled,Bulk,Dallas,No,Minimal Flood,6683 Young Garden,Lake Alanstad,MD,42047,Duplex,Far,Near,2.46,1242,Yes,,,,,1965,617,6596,,2,1,,Colonial,7.15,17.42,Yes,2,3453,441501,385464,148696,2399,990,2000,1958,391,84990,41629,Yes,Yes,No,Yes,Yes,,,Yes,No,Yes,No,36.403065,-105.613861,Cliffs,1537,523214,Downsizing,No,Yes,Michael Chen,9.29
"57501 Gabriel Inlet Apt. 267 Pageberg, MS 76794","57501 Gabriel Inlet Apt. 267 Pageberg, MS 76794",Offered,Pending,Auction.com,Atlanta,Yes,Flood Zone,57501 Gabriel Inlet Apt. 267,Pageberg,MS,76794,Condo,Far,Near,1.79,437,,Yes,No,City,,1984,3320,5125,Street,3,4,No,Ranch,7.36,7.55,Yes,3,3185,181052,465329,161701,2760,2383,1615,3256,413,37378,25017,No,No,,,No,No,,,No,,No,35.529594,-88.96904,Squares,7701,456651,Job Transfer,Yes,,Jessica Lin,3.96
"52928 Rodriguez Circles Pamelafurt, DC 26490","52928 Rodriguez Circles Pamelafurt, DC 26490",Reviewed,Pending,Opendoor,Dallas,,,52928 Rodriguez Circles,Pamelafurt,DC,26490,Condo,Near,Near,3.31,230,Yes,No,,City,,2009,1774,1981,Garage,3,2,No,Ranch,11.53,7.98,No,2,2675,198110,239862,360413,3228,3742,1172,2706,495,49504,359,No,Yes,Yes,Yes,No,Yes,Yes,,,Yes,Yes,41.61953,-76.510168,Ports,6734,522831,Job Transfer,,,Michael Chen,6.94
"113 Ian Burgs Suite 706 Clarkton, AR 51853","113 Ian Burgs Suite 706 Clarkton, AR 51853",Offered,Pending,MLS,Tampa,,Minimal Flood,113 Ian Burgs Suite 706,Clarkton,AR,51853,Condo,,,2.75,173,No,No,No,Well,Septic,1977,1580,3641,Street,6,2,No,Split,8.41,14.71,No,4,2449,459312,515408,96982,1976,3115,1561,2579,273,5736,18469,No,,Yes,,No,Yes,,No,No,,,34.66139,-97.02326,Ways,2871,321743,Investor Sale,Yes,,Jason Miller,5.72
"40563 Robin Ranch East Russell, OR 35825","40563 Robin Ranch East Russell, OR 35825",New,Available,Broker,Dallas,No,Minimal Flood,40563 Robin Ranch,East Russell,OR,35825,Condo,Near,,1.14,1977,Yes,Yes,No,,Septic,1960,1907,9161,Garage,5,2,Yes,Ranch,9.53,16.14,No,1,3210,125925,452141,450942,2583,3835,1937,1817,115,76342,4929,No,Yes,Yes,,,,Yes,Yes,Yes,Yes,No,41.772476,-110.089661,Flats,4262,315642,Job Transfer,,No,David Thompson,8.53
"733 Preston Ports Apt. 067 South Lydia, IA 18541","733 Preston Ports Apt. 067 South Lydia, IA 18541",New,Cancelled,Opendoor,Florida,No,Minimal Flood,733 Preston Ports Apt. 067,South Lydia,IA,18541,SFR,,Far,1.24,749,No,Yes,,City,City,1958,1305,1394,Driveway,4,1,Yes,Ranch,7.28,7.83,No,3,1611,178476,148219,98949,2686,3918,981,1596,314,77233,68974,Yes,,No,,No,,No,,,No,,33.978021,-111.158133,Passage,7606,435150,Investor Sale,No,Yes,Amit Kumar,4.85
"000 Justin Road Suite 675 West Kristinhaven, CT 82892","000 Justin Road Suite 675 West Kristinhaven, CT 82892",Offered,Closed,Opendoor,Tampa,No,Flood Zone,000 Justin Road Suite 675,West Kristinhaven,CT,82892,Townhouse,Far,Near,2.2,1304,,No,Yes,Well,City,2008,3001,7741,Driveway,3,2,No,Colonial,8.93,16.5,No,4,3027,430713,394183,192107,3381,1738,1041,1455,485,77024,69150,,,No,No,,Yes,,Yes,,Yes,,36.473375,-101.533368,Inlet,6875,195451,,No,Yes,Amit Kumar,3.29
"563 Griffin Mill Haasfort, AZ 43419","563 Griffin Mill Haasfort, AZ 43419",Closed,Closed,MLS,Dallas,Yes,Flood Zone,563 Griffin Mill,Haasfort,AZ,43419,Condo,Far,,2.69,1224,,No,Yes,,Septic,1976,2718,7090,Street,4,2,Yes,Ranch,7.07,10.04,No,3,2869,186400,264081,206934,2433,3697,1218,1212,5,12212,81534,No,,No,No,No,,No,,,No,Yes,41.326423,-82.397169,Brooks,9634,144431,,No,,Amit Kumar,9.48
"781 Susan Wells Suite 257 Jeffbury, WY 35031","781 Susan Wells Suite 257 Jeffbury, WY 35031",Reviewed,Closed,Broker,Atlanta,Yes,Flood Zone,781 Susan Wells Suite 257,Jeffbury,WY,35031,SFR,Far,,1.93,1945,No,,No,City,City,2008,2457,2447,,5,1,No,Split,11.56,13.83,No,4,1877,141231,348759,229406,1280,3646,1018,1726,238,20184,56715,,Yes,Yes,,Yes,Yes,No,Yes,No,No,No,39.886901,-113.805012,Ports,6645,93146,Downsizing,,No,Samantha Pierce,5.06
"6328 Kimberly Ford West Jasonmouth, MP 74096","6328 Kimberly Ford West Jasonmouth, MP 74096",Cancelled,Available,Broker,Chicago,Yes,Minimal Flood,6328 Kimberly Ford,West Jasonmouth,MP,74096,SFR,,Near,2.92,1330,No,,No,,Septic,2009,1581,2419,,1,1,,Ranch,10.32,16.06,,4,1006,340325,283161,217107,1973,3712,1267,1171,16,13283,64182,,No,No,Yes,,No,Yes,,Yes,Yes,No,34.912597,-84.544092,Walks,7251,449183,Job Transfer,Yes,,Priya Sharma,9.84
"57307 Andrew Extension Suite 465 Hufffort, MH 31150","57307 Andrew Extension Suite 465 Hufffort, MH 31150",Closed,Cancelled,Auction.com,Atlanta,No,Flood Zone,57307 Andrew Extension Suite 465,Hufffort,MH,31150,Condo,Far,,2.81,484,No,,Yes,,City,2020,868,1909,Garage,3,4,Yes,Ranch,11.48,19.09,No,5,2572,425698,117191,179417,2763,3364,700,3200,69,77578,51936,No,No,,,,No,No,,Yes,,,38.202292,-94.514704,Mews,4851,582475,Downsizing,No,,Luis Garcia,8.86
"5888 Joe Union Apt. 683 North William, MO 17221","5888 Joe Union Apt. 683 North William, MO 17221",Offered,Closed,Bulk,Atlanta,Yes,Minimal Flood,5888 Joe Union Apt. 683,North William,MO,17221,SFR,Far,,2.98,533,,,,,,1996,1789,2858,,6,4,Yes,,7.21,14.59,No,4,1823,453636,321523,455575,2005,1112,1414,1222,126,29944,18003,Yes,No,Yes,Yes,No,No,No,Yes,Yes,Yes,,41.368872,-86.181219,Via,6550,311671,Investor Sale,No,,Amit Kumar,6.38
"3549 Nicholas Square Suite 344 South Erinburgh, KY 09123","3549 Nicholas Square Suite 344 South Erinburgh, KY 09123",Closed,Closed,Internal,Chicago,,Minimal Flood,3549 Nicholas Square Suite 344,South Erinburgh,KY,9123,Townhouse,,,1.31,48,Yes,No,Yes,City,Septic,2014,2285,1808,Street,1,4,No,Split,3.43,14.73,Yes,1,2577,473236,137030,317154,3120,1980,1671,2869,100,10143,85787,,No,,,No,No,Yes,,,Yes,,38.274685,-74.108279,Plains,3950,200654,Downsizing,,No,Jessica Lin,3.3
"42686 Taylor Roads Suite 824 Andrewbury, KY 54888","42686 Taylor Roads Suite 824 Andrewbury, KY 54888",Cancelled,Pending,MLS,Florida,,Flood Zone,42686 Taylor Roads Suite 824,Andrewbury,KY,54888,Condo,Far,Near,1.57,1940,No,No,No,City,,2007,3331,4101,Driveway,5,3,Yes,Colonial,7.16,15.27,No,5,1598,413042,513538,441132,1952,2221,1133,1819,460,36405,78994,,Yes,No,,Yes,No,Yes,No,Yes,Yes,,34.724852,-115.592331,Islands,4626,206704,Investor Sale,Yes,No,Amit Kumar,4.95
"723 Dawn Trail Apt. 972 East Veronica, RI 73012","723 Dawn Trail Apt. 972 East Veronica, RI 73012",New,Closed,MLS,Tampa,Yes,Flood Zone,723 Dawn Trail Apt. 972,East Veronica,RI,73012,Condo,Near,Near,1.69,1689,No,No,No,City,,1959,1551,1287,Street,2,2,No,Colonial,3.66,6.07,Yes,4,3244,328364,266598,281408,3197,1704,1367,1937,93,444,4563,No,No,,,Yes,,Yes,Yes,Yes,No,Yes,33.824237,-87.150203,Islands,4214,317988,,Yes,,Jason Miller,3.44
"009 Erin Springs Taylorborough, ME 44895","009 Erin Springs Taylorborough, ME 44895",Accepted Offer,Closed,MLS,Atlanta,,Flood Zone,009 Erin Springs,Taylorborough,ME,44895,Townhouse,,Near,1.75,467,No,No,,Well,Septic,2001,1395,7076,Garage,3,2,No,Ranch,6.74,8.52,,3,2280,286803,491530,355035,2924,3514,1394,1702,236,80734,31947,,Yes,No,Yes,Yes,No,No,Yes,,,No,38.930957,-112.587948,Land,6754,531243,Job Transfer,,No,Priya Sharma,4.87
"2449 Mcintosh Expressway Suite 356 South Samanthaborough, MS 22256","2449 Mcintosh Expressway Suite 356 South Samanthaborough, MS 22256",New,Available,Internal,Tampa,Yes,,2449 Mcintosh Expressway Suite 356,South Samanthaborough,MS,22256,Condo,,,2.5,1573,,,Yes,Well,City,1961,1594,9198,Driveway,2,3,No,Colonial,3.64,16.58,Yes,3,979,481010,418977,257485,2831,2262,1154,1371,151,95531,17895,No,Yes,,Yes,,Yes,,,Yes,,,41.64318,-99.419176,Underpass,5011,446470,Downsizing,,,Amit Kumar,4.68
"793 Michelle Mountain Lake Victoria, WV 76221","793 Michelle Mountain Lake Victoria, WV 76221",Reviewed,Cancelled,Auction.com,Tampa,,Minimal Flood,793 Michelle Mountain,Lake Victoria,WV,76221,SFR,,Far,1.06,1100,Yes,Yes,,,,2000,2648,7436,Street,6,1,Yes,Colonial,8.23,12.33,Yes,2,1502,112427,529934,405284,2406,970,862,1881,72,68237,81250,,Yes,,No,Yes,Yes,,Yes,Yes,Yes,No,34.05471,-94.490467,Isle,5592,211964,Downsizing,Yes,No,Jason Miller,8.51
"9368 Alicia Union Suite 871 North Megan, WA 64443","9368 Alicia Union Suite 871 North Megan, WA 64443",New,Cancelled,Opendoor,Florida,No,Minimal Flood,9368 Alicia Union Suite 871,North Megan,WA,64443,SFR,,Near,1.14,1301,No,Yes,Yes,City,City,1951,883,5371,Garage,4,3,No,,5.11,11.15,No,4,3058,279638,160954,397948,1122,3302,1619,3063,106,99899,30993,Yes,Yes,No,Yes,Yes,Yes,,No,Yes,Yes,,34.917967,-113.589257,Orchard,2597,589423,Downsizing,,Yes,David Thompson,8.03
"83083 Alexander Plaza Suite 776 Port Scottfurt, RI 04913","83083 Alexander Plaza Suite 776 Port Scottfurt, RI 04913",Accepted Offer,Closed,Bulk,Dallas,Yes,,83083 Alexander Plaza Suite 776,Port Scottfurt,RI,4913,SFR,,Far,2.33,703,No,Yes,,,,1972,2785,5897,Street,3,2,,Ranch,10.01,5.87,,5,3309,385493,181190,329686,2966,2749,1489,2685,109,94910,14779,,No,Yes,,Yes,Yes,No,Yes,,No,,41.768791,-117.942349,Village,5349,561217,Investor Sale,No,,Amit Kumar,8.55
"945 Jeffrey Ways West Veronica, ID 38080","945 Jeffrey Ways West Veronica, ID 38080",Closed,Pending,MLS,Florida,No,,945 Jeffrey Ways,West Veronica,ID,38080,Condo,Far,,1.34,1145,,,No,City,Septic,2008,2474,6520,Street,2,2,,Ranch,4.78,12.98,Yes,2,1696,246077,366532,449395,2860,3125,823,1426,463,3388,26067,No,Yes,No,Yes,Yes,No,Yes,,Yes,No,No,37.459314,-80.038263,Isle,6880,343488,Job Transfer,,Yes,Priya Sharma,7.95
"85851 Daniel Curve Weaverhaven, AR 81493","85851 Daniel Curve Weaverhaven, AR 81493",Closed,Available,Internal,Dallas,No,Minimal Flood,85851 Daniel Curve,Weaverhaven,AR,81493,SFR,,Far,3.47,381,Yes,Yes,,,,1972,2016,4724,,4,1,No,Ranch,10.56,18.88,,2,892,263340,380734,328325,3337,1416,1754,2639,32,52812,24000,Yes,No,No,No,Yes,,,,Yes,,,40.344888,-86.652306,Gardens,6948,408350,Job Transfer,Yes,,Priya Sharma,4.87
"3480 Davis Ramp Apt. 811 South Bridget, VA 80202","3480 Davis Ramp Apt. 811 South Bridget, VA 80202",Offered,Closed,Internal,Tampa,Yes,Minimal Flood,3480 Davis Ramp Apt. 811,South Bridget,VA,80202,SFR,,,2.93,1775,,Yes,No,,,2017,1894,9117,Street,2,4,,Colonial,10.67,10.25,,5,3297,297453,482929,199256,1355,2719,1378,1518,397,10342,12058,No,Yes,Yes,,No,,Yes,No,,,,39.796837,-84.601374,Forest,8582,303288,,,No,Jason Miller,8.54
"265 Betty Lakes Apt. 277 Port Jamesfurt, MH 98767","265 Betty Lakes Apt. 277 Port Jamesfurt, MH 98767",New,Pending,Internal,Atlanta,No,Minimal Flood,265 Betty Lakes Apt. 277,Port Jamesfurt,MH,98767,SFR,Far,,2.67,61,No,No,No,Well,City,1959,3327,6416,Driveway,6,1,,Colonial,5.08,8.46,,3,1531,150928,374430,569489,1648,1395,1318,2542,48,39982,33104,No,No,,Yes,,Yes,Yes,Yes,,Yes,Yes,37.081145,-109.523382,Club,5575,434473,Downsizing,No,No,Jason Miller,9.58
"55742 Hodge Creek Apt. 063 Yatesport, CA 51141","55742 Hodge Creek Apt. 063 Yatesport, CA 51141",Cancelled,Closed,MLS,Dallas,,,55742 Hodge Creek Apt. 063,Yatesport,CA,51141,Condo,Near,,1.11,1415,Yes,Yes,No,,Septic,1955,2121,6721,Driveway,6,3,,Colonial,5.66,14.93,Yes,2,1143,381693,118842,332631,2121,3270,1099,1405,335,24665,85488,Yes,No,Yes,,No,Yes,,No,No,,No,37.38112,-89.737694,Underpass,6585,512702,,No,No,Emily Patel,7.79
"90065 Alvarez Squares Apt. 471 Port Pamela, NM 20560","90065 Alvarez Squares Apt. 471 Port Pamela, NM 20560",Offered,Pending,MLS,Florida,No,,90065 Alvarez Squares Apt. 471,Port Pamela,NM,20560,Townhouse,,Far,2.1,994,Yes,No,No,Well,Septic,1997,2235,5287,Street,6,3,,Split,4.89,16.55,No,2,2774,151410,225314,215630,1509,1370,1039,2009,2,93870,64239,Yes,Yes,No,Yes,,Yes,,,No,,,39.380873,-108.565114,Flat,3509,310446,Job Transfer,No,,Amit Kumar,8.39
"05766 Mercado Road Lisaton, NH 16076","05766 Mercado Road Lisaton, NH 16076",Accepted Offer,Cancelled,Opendoor,Dallas,,Minimal Flood,05766 Mercado Road,Lisaton,NH,16076,Condo,Far,Near,1.28,1119,,Yes,,,City,2019,2727,6334,Street,2,2,No,Ranch,4.1,7.19,Yes,1,2962,237449,440670,251233,3183,2930,1044,2225,164,95623,79371,Yes,No,Yes,Yes,No,No,No,Yes,No,Yes,No,33.723556,-96.157511,Rest,2438,597731,Investor Sale,Yes,,Samantha Pierce,5.31
"913 Bill Point Suite 878 North Austinside, LA 97521","913 Bill Point Suite 878 North Austinside, LA 97521",Closed,Closed,MLS,Tampa,No,Flood Zone,913 Bill Point Suite 878,North Austinside,LA,97521,SFR,,Near,2.51,1045,,No,,,Septic,1965,3297,7586,Driveway,6,1,No,Colonial,11.96,17.76,Yes,1,2886,327165,251565,371896,2382,1368,1943,1594,396,50800,43021,No,Yes,No,,Yes,No,No,,Yes,Yes,,34.198473,-80.491849,Stravenue,3114,378832,Job Transfer,No,Yes,David Thompson,5.75
"54508 Davies Crossroad Sherryville, KS 98322","54508 Davies Crossroad Sherryville, KS 98322",Cancelled,Closed,Broker,Dallas,Yes,Minimal Flood,54508 Davies Crossroad,Sherryville,KS,98322,Duplex,Far,Near,1.54,1715,No,Yes,,City,,1963,1613,9418,Street,4,4,,Ranch,8.15,5.5,No,2,977,236396,124472,414671,1605,2533,1941,2017,192,44351,23780,,No,Yes,Yes,Yes,No,,,No,No,,38.837914,-91.426484,Club,6623,549745,,Yes,,Jessica Lin,9.88
"953 Pittman Crescent Suite 852 Lake Brittanyberg, TX 79152","953 Pittman Crescent Suite 852 Lake Brittanyberg, TX 79152",Closed,Closed,MLS,Atlanta,Yes,,953 Pittman Crescent Suite 852,Lake Brittanyberg,TX,79152,Townhouse,,,3.21,1465,,No,,Well,,1951,1688,2155,Garage,3,3,Yes,Ranch,7.84,6.47,Yes,5,3381,109989,402588,155918,1472,1104,856,2281,367,74688,71194,,,No,,No,Yes,,Yes,No,Yes,No,37.52291,-100.734264,Mount,9981,477063,Investor Sale,,No,Amit Kumar,9.86
"653 Brown Ways Yvonneland, CA 08734","653 Brown Ways Yvonneland, CA 08734",Reviewed,Closed,Bulk,Dallas,Yes,Flood Zone,653 Brown Ways,Yvonneland,CA,8734,SFR,Far,,2.44,26,,No,No,,City,2001,1475,7280,Garage,1,4,No,Split,7.69,18.83,No,5,2925,492281,473014,377719,3094,1306,1067,3164,161,96602,46410,,Yes,No,,No,Yes,Yes,Yes,No,,,41.596748,-108.870856,Keys,2895,358894,Investor Sale,,No,Jason Miller,4.84
"50684 Ruben Passage Suite 733 Cindyland, LA 45777","50684 Ruben Passage Suite 733 Cindyland, LA 45777",New,Cancelled,MLS,Dallas,No,Flood Zone,50684 Ruben Passage Suite 733,Cindyland,LA,45777,Duplex,Far,Far,3.4,1834,,Yes,,City,City,1992,2153,9744,Driveway,6,4,Yes,,11.54,8.08,No,4,1855,219625,120089,401565,3238,3655,1784,2469,353,85089,34373,Yes,Yes,,No,,No,Yes,,No,Yes,,34.168897,-79.588544,Meadow,5650,594057,,,Yes,Emily Patel,6.63
"49743 Richardson Mill Ballburgh, UT 51968","49743 Richardson Mill Ballburgh, UT 51968",Offered,Closed,MLS,Dallas,Yes,Flood Zone,49743 Richardson Mill,Ballburgh,UT,51968,Townhouse,Far,,1.11,1275,,,Yes,,Septic,1983,798,3679,,5,1,,Ranch,10.04,11.52,No,3,867,223383,490120,210314,2347,1293,734,2275,190,76794,51379,Yes,,Yes,No,Yes,,Yes,No,Yes,,,34.902263,-94.34847,Plaza,8209,220385,,Yes,,Jason Miller,4.36
"997 Moody Harbors Suite 836 Perkinsberg, OK 49287","997 Moody Harbors Suite 836 Perkinsberg, OK 49287",Offered,Cancelled,Internal,Florida,Yes,,997 Moody Harbors Suite 836,Perkinsberg,OK,49287,SFR,Far,Near,2.12,1365,,,No,City,City,1963,2250,3811,Garage,6,2,No,,3.5,13.3,No,2,2962,334161,296085,196504,1450,3954,833,2434,271,57829,99115,,,No,,Yes,No,Yes,No,No,,,40.201628,-80.666996,Highway,4918,214973,Downsizing,No,No,Samantha Pierce,5.21
"2372 Moore Mountains Port Jenna, MT 79065","2372 Moore Mountains Port Jenna, MT 79065",Closed,Available,Internal,Dallas,No,,2372 Moore Mountains,Port Jenna,MT,79065,Condo,,Far,1.66,1684,,Yes,,Well,City,1964,679,4707,Driveway,5,4,,Split,4.88,18.09,No,3,3156,348114,534819,523237,2955,3583,1879,2704,89,36588,17030,No,,,,No,No,,Yes,No,No,No,39.579453,-101.412394,Mills,5491,172326,Downsizing,,No,Emily Patel,9.7
"565 Richmond Estates Lindamouth, OK 66382","565 Richmond Estates Lindamouth, OK 66382",Closed,Closed,MLS,Dallas,Yes,Flood Zone,565 Richmond Estates,Lindamouth,OK,66382,Townhouse,Near,Near,1.93,297,Yes,No,Yes,City,Septic,1961,2336,6919,Street,2,2,No,Ranch,4.43,18.53,No,2,2929,135189,349717,158441,1048,3799,1983,1277,21,37227,47782,Yes,No,No,,,,Yes,,,,,33.554897,-97.427412,Plains,9984,219903,Investor Sale,Yes,Yes,Michael Chen,9.06
"3999 Harper Pine Suite 564 Alecfort, FL 84252","3999 Harper Pine Suite 564 Alecfort, FL 84252",Reviewed,Closed,Auction.com,Tampa,Yes,,3999 Harper Pine Suite 564,Alecfort,FL,84252,Townhouse,Near,,3.23,1727,Yes,No,Yes,City,City,1950,2354,6931,,5,2,,Colonial,10.49,16.24,Yes,1,1896,490890,242532,250187,1961,2908,1973,1115,109,99482,49549,Yes,Yes,,,No,Yes,,,Yes,,No,40.199744,-79.377615,Club,8474,150935,,No,,Priya Sharma,4.24
"0289 Jason Glens East Hannahside, MI 72848","0289 Jason Glens East Hannahside, MI 72848",New,Closed,Opendoor,Chicago,,Minimal Flood,0289 Jason Glens,East Hannahside,MI,72848,Condo,Near,Far,3.36,1685,,No,,Well,Septic,1954,1114,9958,Street,4,4,No,,4.62,19.69,No,1,1619,413476,143640,534296,1898,2371,1286,3440,254,5972,11741,Yes,No,,,No,,,No,Yes,No,No,35.770567,-114.520386,Wall,1752,419829,Job Transfer,Yes,Yes,Luis Garcia,6.57
"6430 Davis Road Apt. 872 Lake Allen, AZ 63743","6430 Davis Road Apt. 872 Lake Allen, AZ 63743",Accepted Offer,Pending,MLS,Dallas,No,,6430 Davis Road Apt. 872,Lake Allen,AZ,63743,SFR,Far,,2.59,8,No,Yes,Yes,,City,1957,649,6682,Driveway,5,3,,Colonial,10.11,8.63,,3,2831,280406,291833,270612,2682,2291,1680,2256,116,21262,8925,,,Yes,No,,Yes,Yes,Yes,Yes,No,No,33.461005,-86.26536,Circles,2017,202666,Investor Sale,Yes,,Samantha Pierce,9.92
"7330 Ross Garden Apt. 218 Benjaminborough, OR 16495","7330 Ross Garden Apt. 218 Benjaminborough, OR 16495",Offered,Cancelled,Opendoor,Tampa,Yes,Flood Zone,7330 Ross Garden Apt. 218,Benjaminborough,OR,16495,Townhouse,Near,,2.21,1289,,Yes,,City,Septic,1954,2357,4496,Garage,6,2,,Colonial,9.97,11.42,No,3,2103,411425,445396,263295,3093,1556,1946,1880,406,55011,83008,Yes,Yes,Yes,,,Yes,No,,,No,,40.535071,-109.326753,Pines,8856,401395,Downsizing,,Yes,Luis Garcia,6.87
"7720 Walton Land Suite 957 Scottville, CT 18400","7720 Walton Land Suite 957 Scottville, CT 18400",Cancelled,Cancelled,MLS,Dallas,No,,7720 Walton Land Suite 957,Scottville,CT,18400,Condo,,Far,2.71,1332,Yes,,,,Septic,1977,3328,8207,,5,4,No,,4.28,17.26,,4,2581,94896,133800,90714,1472,3885,1348,3075,331,24971,6436,Yes,Yes,,No,,No,No,Yes,No,No,,37.634264,-96.768919,Squares,5290,307704,Job Transfer,,,Emily Patel,4.76
"064 Richard Port Suite 940 East Jessemouth, NV 90684","064 Richard Port Suite 940 East Jessemouth, NV 90684",Accepted Offer,Cancelled,Bulk,Chicago,No,Minimal Flood,064 Richard Port Suite 940,East Jessemouth,NV,90684,Condo,,,2,458,No,,No,,Septic,1980,2916,9291,,5,1,,Ranch,11.07,15.43,,5,2151,325219,248737,581868,2237,2204,920,1451,363,12798,83003,Yes,Yes,No,,Yes,No,No,,No,,Yes,36.270537,-81.743239,Village,2318,229354,Downsizing,,No,David Thompson,6.21
"5347 Ward Summit Suite 848 North Michaelside, CO 91563","5347 Ward Summit Suite 848 North Michaelside, CO 91563",Accepted Offer,Available,MLS,Tampa,No,Flood Zone,5347 Ward Summit Suite 848,North Michaelside,CO,91563,Condo,,Far,2.78,679,Yes,No,Yes,City,,1991,2076,6074,,5,4,No,Split,4.98,14.03,No,2,2086,109645,464572,394151,3113,1357,1639,2931,123,411,48760,Yes,,Yes,,,,Yes,No,No,No,,34.067122,-89.796416,Via,4515,526616,Downsizing,Yes,Yes,Samantha Pierce,6.59
"410 Elizabeth Parks Apt. 931 West Andreaport, MP 81467","410 Elizabeth Parks Apt. 931 West Andreaport, MP 81467",Accepted Offer,Closed,Internal,Tampa,Yes,Minimal Flood,410 Elizabeth Parks Apt. 931,West Andreaport,MP,81467,SFR,Near,,1.07,835,Yes,No,Yes,,City,1969,1890,7518,Garage,4,4,Yes,Ranch,5.76,10.13,Yes,3,3398,294834,435885,563089,3347,3750,1621,1760,2,69282,40981,Yes,Yes,No,No,No,No,No,No,No,,Yes,38.267128,-81.697885,Hollow,2822,417730,Downsizing,,Yes,Emily Patel,6.07
"083 James Radial Suite 157 Robertmouth, AL 14588","083 James Radial Suite 157 Robertmouth, AL 14588",Accepted Offer,Pending,MLS,Atlanta,No,,083 James Radial Suite 157,Robertmouth,AL,14588,SFR,Near,,1.69,1846,No,Yes,,Well,,2007,697,7607,,5,2,Yes,,5.35,14.95,,3,2949,399442,430962,584091,1119,2357,1949,2670,405,68136,60620,,,No,Yes,Yes,,No,,Yes,Yes,,37.723188,-84.515642,Valley,2050,124417,Downsizing,Yes,No,Sophia Williams,9.57
"426 Case Courts East Rachel, DE 22631","426 Case Courts East Rachel, DE 22631",New,Cancelled,Bulk,Tampa,,Flood Zone,426 Case Courts,East Rachel,DE,22631,Duplex,Far,Near,3.35,1853,,No,Yes,,City,2019,1492,7382,Driveway,1,3,Yes,Ranch,4.82,6.45,Yes,3,1095,333625,141204,301425,2943,2317,1762,3151,357,54449,34434,Yes,No,No,No,,,,,No,Yes,,39.104847,-101.998882,Walk,2552,177501,Investor Sale,No,Yes,Jason Miller,8.81
"14335 Michelle Tunnel Apt. 657 Blakeshire, WA 99276","14335 Michelle Tunnel Apt. 657 Blakeshire, WA 99276",Reviewed,Available,Internal,Florida,Yes,Flood Zone,14335 Michelle Tunnel Apt. 657,Blakeshire,WA,99276,Condo,Near,Near,1.45,1237,No,No,Yes,,,1973,1243,5033,Driveway,6,3,No,Ranch,11.54,19.16,,2,2261,229695,314666,400588,2477,1424,1923,2357,440,85782,29585,Yes,,,No,Yes,,No,Yes,Yes,No,,35.381249,-73.465813,Stravenue,7829,374240,Downsizing,Yes,Yes,Samantha Pierce,3.5
"0902 Ortega Port Lake Jeffery, CT 77507","0902 Ortega Port Lake Jeffery, CT 77507",Offered,Available,Internal,Atlanta,Yes,Minimal Flood,0902 Ortega Port,Lake Jeffery,CT,77507,Condo,Far,Near,1.74,485,,,,Well,City,1997,3121,3666,,3,3,Yes,Ranch,6.95,13.19,No,4,3414,362117,387360,92346,2558,3434,1426,1651,34,78251,29941,No,No,,,,,Yes,Yes,,,Yes,40.641907,-114.247302,Brooks,4977,416538,Job Transfer,No,Yes,Amit Kumar,9.34
"967 Amanda Hollow South Rickchester, ND 10765","967 Amanda Hollow South Rickchester, ND 10765",Reviewed,Pending,MLS,Atlanta,,Minimal Flood,967 Amanda Hollow,South Rickchester,ND,10765,Townhouse,,Far,2.68,1464,,,No,City,Septic,1974,1469,3222,Street,6,2,,Colonial,4.82,7.09,Yes,3,3274,181161,544531,373607,1995,3993,1737,2464,374,90772,26621,Yes,No,,Yes,No,Yes,,Yes,,Yes,Yes,39.74138,-97.685232,Ville,7319,458988,Downsizing,Yes,,Samantha Pierce,5.93
"935 Rodriguez Spring New Kevinmouth, WV 70681","935 Rodriguez Spring New Kevinmouth, WV 70681",Closed,Closed,Opendoor,Tampa,Yes,Minimal Flood,935 Rodriguez Spring,New Kevinmouth,WV,70681,Duplex,,Near,1.31,1832,,,No,City,Septic,2006,3103,8741,,5,3,Yes,Split,4.38,14.56,No,1,1638,254319,126244,460610,1107,2150,814,2057,66,4289,7110,,No,No,No,,,Yes,No,,,No,38.425251,-91.1421,Overpass,3529,108259,Investor Sale,Yes,No,Michael Chen,7.38
"91392 Gonzalez Point North Richardstad, CT 45687","91392 Gonzalez Point North Richardstad, CT 45687",Accepted Offer,Pending,Broker,Florida,Yes,Flood Zone,91392 Gonzalez Point,North Richardstad,CT,45687,Duplex,Far,,3.35,775,No,No,No,City,,1961,710,6080,Driveway,5,4,No,Ranch,7.14,15.8,No,4,2525,437835,487566,539024,2726,2921,1976,1824,163,17582,21000,,Yes,Yes,Yes,Yes,Yes,Yes,,Yes,Yes,Yes,36.28038,-80.032724,Isle,4682,503160,,,No,Sophia Williams,8
"0837 Gray Village Port Derektown, UT 75385","0837 Gray Village Port Derektown, UT 75385",Cancelled,Closed,Bulk,Atlanta,Yes,Minimal Flood,0837 Gray Village,Port Derektown,UT,75385,Townhouse,,,2.66,548,No,No,No,Well,,1988,2954,4304,,6,2,,Ranch,4.97,19.4,,4,1082,422580,252240,221822,1186,2373,709,1593,212,97653,60495,Yes,No,Yes,,Yes,,Yes,No,No,,No,35.372646,-113.90417,Mission,7506,546174,,No,Yes,Jessica Lin,4.57
"0149 Singh Fork Isaacside, NV 55290","0149 Singh Fork Isaacside, NV 55290",Cancelled,Cancelled,Internal,Tampa,No,Minimal Flood,0149 Singh Fork,Isaacside,NV,55290,Condo,Far,Near,1.88,559,Yes,,No,City,City,1968,2327,1633,Street,1,2,,Colonial,6.18,15.15,No,5,2462,355841,317675,149236,1540,2450,1569,2781,397,72697,90757,,,Yes,,No,,,,,No,No,36.955975,-75.763683,Route,9541,458201,Downsizing,,Yes,Priya Sharma,4.14
"44142 Burton Ridge Savannahland, CT 21623","44142 Burton Ridge Savannahland, CT 21623",New,Cancelled,Internal,Dallas,,Minimal Flood,44142 Burton Ridge,Savannahland,CT,21623,Townhouse,Near,Far,1.51,1377,Yes,Yes,No,Well,Septic,1974,906,4818,Street,2,1,,Colonial,11.2,5.29,,5,866,344228,318074,287919,1060,2304,1584,1402,337,87220,3848,,,No,,Yes,Yes,No,No,Yes,Yes,No,37.344941,-92.466091,Lodge,5481,307174,Job Transfer,Yes,,Jessica Lin,7.33
"85235 Loretta Turnpike South Josephmouth, CT 94275","85235 Loretta Turnpike South Josephmouth, CT 94275",Closed,Pending,MLS,Florida,No,Minimal Flood,85235 Loretta Turnpike,South Josephmouth,CT,94275,Townhouse,Far,,1.12,92,Yes,No,Yes,,,1969,3473,8115,Street,2,1,Yes,Colonial,6.35,19.38,No,5,1051,404766,521506,488298,2128,3712,1349,1674,14,56825,1452,,No,No,,,,,No,No,,No,39.643654,-100.46449,Spring,5900,108109,,,No,Luis Garcia,8.24
"09352 Chad Terrace Apt. 226 Catherineside, NY 81258","09352 Chad Terrace Apt. 226 Catherineside, NY 81258",Offered,Pending,MLS,Dallas,Yes,Flood Zone,09352 Chad Terrace Apt. 226,Catherineside,NY,81258,SFR,Far,,3.38,484,Yes,Yes,,Well,City,2004,2563,4575,Street,6,1,Yes,Split,7.14,6.69,,4,880,460993,421968,569996,3314,1633,915,2702,172,77891,55701,Yes,No,No,Yes,No,Yes,,Yes,No,,Yes,35.269392,-115.53827,Glen,3140,522861,Job Transfer,Yes,Yes,David Thompson,7.71
"4799 Stuart Points Apt. 953 Kingview, MN 22148","4799 Stuart Points Apt. 953 Kingview, MN 22148",Offered,Closed,Opendoor,Tampa,No,Minimal Flood,4799 Stuart Points Apt. 953,Kingview,MN,22148,Duplex,,Near,2.04,565,No,No,,,Septic,2019,3423,7554,Garage,6,2,Yes,Split,3.75,10.93,,1,1051,179504,192520,258997,1963,3457,787,2792,467,33524,45501,No,,Yes,,Yes,No,No,No,Yes,Yes,Yes,37.563964,-109.476804,Grove,7304,437338,Job Transfer,No,,Samantha Pierce,8.18
"9431 Walker Views Apt. 144 North Jamie, KY 67143","9431 Walker Views Apt. 144 North Jamie, KY 67143",Accepted Offer,Cancelled,MLS,Dallas,No,Minimal Flood,9431 Walker Views Apt. 144,North Jamie,KY,67143,Condo,Far,,2.12,1712,,,,Well,,1972,597,3763,,1,1,No,Ranch,8.22,5.72,No,4,3090,290776,371160,300486,2028,2360,1932,1207,206,44142,86869,No,Yes,Yes,,Yes,No,,No,,Yes,No,37.462867,-79.800877,Estate,7275,470850,Investor Sale,No,Yes,Sophia Williams,5.72
"4471 Ramirez Mill Toddchester, CO 24527","4471 Ramirez Mill Toddchester, CO 24527",New,Pending,Bulk,Tampa,Yes,Minimal Flood,4471 Ramirez Mill,Toddchester,CO,24527,Condo,Far,,1.84,180,,Yes,Yes,,Septic,1983,1189,3892,Street,5,1,,Colonial,8.62,7.93,No,5,1999,176890,116958,577817,2576,3541,1807,2449,266,13945,23526,No,Yes,Yes,No,No,Yes,No,Yes,Yes,No,Yes,37.609048,-77.730322,Estates,5985,451924,Downsizing,,No,Samantha Pierce,7.59
"51791 Walter Ridges Whitetown, RI 67322","51791 Walter Ridges Whitetown, RI 67322",Cancelled,Cancelled,MLS,Dallas,No,Minimal Flood,51791 Walter Ridges,Whitetown,RI,67322,Condo,Far,,1.96,38,No,,No,Well,,1987,2109,1806,Street,5,3,,Ranch,9.38,17.64,,2,1819,162067,312808,476780,1555,3445,1696,2203,245,86667,17200,Yes,,No,Yes,Yes,Yes,Yes,Yes,No,Yes,,39.611389,-81.783423,Highway,6711,353087,,No,,Priya Sharma,5.23
"213 Adkins Ways Apt. 436 Susanborough, WV 45406","213 Adkins Ways Apt. 436 Susanborough, WV 45406",Accepted Offer,Available,Internal,Tampa,Yes,Minimal Flood,213 Adkins Ways Apt. 436,Susanborough,WV,45406,Condo,Far,,3.23,666,Yes,Yes,Yes,Well,City,1966,1596,8888,Street,3,3,No,Ranch,5.88,7.99,Yes,2,2021,224443,420562,359479,2819,2214,1520,3345,481,93980,1856,Yes,Yes,,Yes,No,No,No,No,,Yes,Yes,41.367154,-101.374799,Shoals,8312,475610,Job Transfer,,Yes,Michael Chen,9.09
"530 Michael Mountain Suite 616 Floresfort, SD 86514","530 Michael Mountain Suite 616 Floresfort, SD 86514",Cancelled,Pending,Bulk,Florida,Yes,Flood Zone,530 Michael Mountain Suite 616,Floresfort,SD,86514,Duplex,Near,,1.41,275,Yes,,Yes,City,,1975,679,3196,Driveway,4,2,No,Split,3.56,16.54,No,4,1274,171963,155223,368926,3088,2074,1846,2252,231,20863,42553,No,,No,,Yes,,,Yes,,Yes,No,41.924171,-115.763083,Wells,2504,289383,Investor Sale,No,,Luis Garcia,6.14
"63576 John Cape Apt. 142 South Kristinfurt, KY 85897","63576 John Cape Apt. 142 South Kristinfurt, KY 85897",Accepted Offer,Available,MLS,Tampa,Yes,,63576 John Cape Apt. 142,South Kristinfurt,KY,85897,SFR,Near,Far,2.03,1892,,Yes,Yes,Well,Septic,1979,3189,2663,Street,4,4,Yes,,5.87,5.82,,1,1627,240461,307024,139171,3273,2072,898,2611,285,24082,85586,No,No,Yes,,Yes,No,Yes,No,No,,No,36.089935,-82.604253,Ferry,4917,587021,Downsizing,No,No,Sophia Williams,6.63
"67699 Rebecca Ferry Apt. 867 Lake Marie, AK 94508","67699 Rebecca Ferry Apt. 867 Lake Marie, AK 94508",Cancelled,Closed,Bulk,Tampa,No,,67699 Rebecca Ferry Apt. 867,Lake Marie,AK,94508,Duplex,,,2.73,1858,Yes,No,,Well,City,2016,1978,6800,Street,3,1,No,,8.44,5.81,No,2,1997,405097,330492,478120,922,2137,1384,1160,30,34810,26530,,No,Yes,Yes,No,,,Yes,No,Yes,Yes,40.325961,-117.436341,Plaza,5014,484413,Downsizing,Yes,No,Sophia Williams,6.8
"712 Tran Ford Henryville, AZ 43572","712 Tran Ford Henryville, AZ 43572",Offered,Available,MLS,Chicago,Yes,,712 Tran Ford,Henryville,AZ,43572,Townhouse,Near,Near,3.16,566,No,,No,Well,,2020,3318,7694,Street,2,3,Yes,,6.73,12.23,No,3,1350,193612,191181,475538,3222,1623,952,2189,266,9698,97829,Yes,,,No,,,No,Yes,,Yes,Yes,41.685781,-109.672634,Street,7361,153298,Downsizing,No,,Sophia Williams,7.88
"90933 Woods Lights Careyport, NY 68014","90933 Woods Lights Careyport, NY 68014",Closed,Closed,Internal,Tampa,Yes,Minimal Flood,90933 Woods Lights,Careyport,NY,68014,SFR,Far,,1.82,1229,No,No,Yes,City,,1996,2003,1014,,2,1,Yes,Split,5.38,16,No,3,1522,160413,98271,265962,2878,2122,795,2941,61,25618,41232,,,No,,No,,Yes,No,No,No,,41.094573,-99.465777,Plaza,8058,102787,Investor Sale,No,Yes,Jason Miller,5.91
"406 Micheal Plaza Suite 150 Lake Robert, MS 61538","406 Micheal Plaza Suite 150 Lake Robert, MS 61538",Accepted Offer,Available,MLS,Atlanta,,Flood Zone,406 Micheal Plaza Suite 150,Lake Robert,MS,61538,Townhouse,Far,Far,2.41,1760,,Yes,Yes,Well,Septic,2019,3161,5895,Driveway,2,4,,Split,7.9,12.81,No,3,2814,286162,296890,293367,3397,3660,1777,2952,53,66855,5381,No,Yes,Yes,No,,No,,No,Yes,No,Yes,37.492864,-111.753108,Ridges,8471,171355,Investor Sale,,,Amit Kumar,4.07
"2719 Brian Hills Apt. 073 Mccallstad, AZ 21954","2719 Brian Hills Apt. 073 Mccallstad, AZ 21954",Accepted Offer,Pending,Broker,Tampa,Yes,Flood Zone,2719 Brian Hills Apt. 073,Mccallstad,AZ,21954,Townhouse,Far,Far,1.51,1168,,Yes,No,City,Septic,1996,1764,9364,,4,3,No,Colonial,11,13.15,Yes,3,3383,319295,192784,144860,2085,2073,1949,2160,364,79570,94125,,,Yes,Yes,,No,No,Yes,Yes,No,Yes,35.329373,-115.790898,Fort,6068,517773,Downsizing,No,Yes,Sophia Williams,5.61
"7074 Alexander Viaduct Robinshire, KS 98889","7074 Alexander Viaduct Robinshire, KS 98889",Closed,Closed,Internal,Chicago,Yes,,7074 Alexander Viaduct,Robinshire,KS,98889,Townhouse,,Near,3.32,870,No,Yes,No,,City,2014,714,6701,Garage,5,2,No,Ranch,9.55,14.15,,2,1710,373247,465698,286836,1667,3821,1984,2897,250,54621,41355,Yes,No,,Yes,,,No,Yes,No,No,,37.456181,-85.839597,Ville,7948,227113,Investor Sale,No,,Jessica Lin,7.98
"055 Daniel Stream Suite 239 Williamsfort, NC 75969","055 Daniel Stream Suite 239 Williamsfort, NC 75969",Closed,Pending,Opendoor,Tampa,,Flood Zone,055 Daniel Stream Suite 239,Williamsfort,NC,75969,SFR,,,2.96,745,Yes,,Yes,City,City,2022,1665,3526,Street,4,1,No,Colonial,6.86,13,,4,2532,328038,374202,396148,1073,1005,1474,2085,314,32109,16928,No,,,,Yes,,Yes,Yes,No,Yes,,38.309669,-78.116132,Skyway,1710,118085,,,,Amit Kumar,8.08
"13002 Ashley Port Apt. 387 Bryanberg, IA 91002","13002 Ashley Port Apt. 387 Bryanberg, IA 91002",Accepted Offer,Available,MLS,Dallas,No,,13002 Ashley Port Apt. 387,Bryanberg,IA,91002,SFR,Far,Far,1.02,1298,,No,,,Septic,1976,2728,1220,,2,2,Yes,,5,7.01,Yes,4,3002,404262,249966,516530,3081,3322,708,1914,411,15980,89830,Yes,,No,,,No,,Yes,Yes,No,No,37.163963,-96.637485,Pike,5391,527070,Investor Sale,Yes,No,Amit Kumar,5.76
"3539 Blake Lock Apt. 453 Blakefurt, KY 61823","3539 Blake Lock Apt. 453 Blakefurt, KY 61823",Cancelled,Pending,Bulk,Dallas,No,Flood Zone,3539 Blake Lock Apt. 453,Blakefurt,KY,61823,SFR,Near,,3.21,1247,,,,Well,Septic,1950,2164,9984,,1,4,No,Colonial,7.68,12.03,No,4,1272,120058,446749,297548,1537,2317,1480,2380,337,28459,99774,,,Yes,No,,Yes,No,,Yes,,Yes,38.835894,-99.445022,Viaduct,3861,429128,Downsizing,Yes,Yes,Jessica Lin,8.38
"926 Rogers Fork Lake Thomasview, VA 50900","926 Rogers Fork Lake Thomasview, VA 50900",Closed,Closed,Auction.com,Atlanta,No,,926 Rogers Fork,Lake Thomasview,VA,50900,Condo,,Near,2.58,66,Yes,No,,Well,,2022,898,1288,Driveway,4,2,,,6.39,13.29,No,2,1848,197700,262145,348137,1791,3006,883,2786,415,76771,79827,,,Yes,,,,,Yes,,,No,35.997542,-79.275448,Path,6259,576941,Investor Sale,Yes,Yes,Amit Kumar,9.1
"6500 Gordon Parkways Apt. 415 Cabreraton, NC 58005","6500 Gordon Parkways Apt. 415 Cabreraton, NC 58005",Cancelled,Cancelled,Auction.com,Atlanta,,Flood Zone,6500 Gordon Parkways Apt. 415,Cabreraton,NC,58005,Condo,Far,,1.36,1885,,No,Yes,Well,,2012,2157,7897,Garage,4,1,,Split,4.12,15.48,No,3,2250,301506,111825,593411,1375,1716,1697,3050,168,47447,47273,Yes,Yes,,Yes,No,,Yes,Yes,No,,,40.010737,-96.958308,Canyon,5289,587531,,No,,Amit Kumar,8.11
"403 Katie Ridges Suite 454 Lake Christineton, IA 95887","403 Katie Ridges Suite 454 Lake Christineton, IA 95887",Offered,Available,MLS,Dallas,Yes,Flood Zone,403 Katie Ridges Suite 454,Lake Christineton,IA,95887,SFR,,,2.73,1828,Yes,Yes,No,Well,City,2008,1646,8170,,4,4,,Colonial,8.58,7.77,,4,2372,306426,278933,332331,1541,2254,732,1450,61,61841,18243,,No,No,,,,Yes,Yes,Yes,,,35.433651,-87.117107,Hollow,3667,138890,Investor Sale,,,Michael Chen,8.28
"5677 Meyers Square Suite 777 Mariaberg, SD 08661","5677 Meyers Square Suite 777 Mariaberg, SD 08661",Cancelled,Pending,MLS,Chicago,No,,5677 Meyers Square Suite 777,Mariaberg,SD,8661,Townhouse,Far,,2.36,296,,,,,City,1986,1529,9355,Driveway,4,2,No,Split,7.62,11.13,Yes,5,2138,248775,369301,127186,1662,1208,1773,3345,489,2249,19051,No,,No,Yes,No,No,No,Yes,Yes,,No,35.303264,-98.183498,Extensions,7435,489688,Investor Sale,,Yes,Luis Garcia,6.38
"45533 George Row New Shelleyshire, MP 58471","45533 George Row New Shelleyshire, MP 58471",Accepted Offer,Closed,Bulk,Tampa,No,Minimal Flood,45533 George Row,New Shelleyshire,MP,58471,Duplex,Far,Near,1.19,773,Yes,,Yes,Well,City,1952,3442,7276,Garage,2,3,Yes,Ranch,11.12,5.71,Yes,3,2780,276458,337304,533608,2004,1651,848,3156,498,46055,22357,Yes,,No,Yes,,No,,,No,Yes,Yes,33.050593,-91.322082,Station,3116,312808,,Yes,No,Sophia Williams,6.19
"0094 Aaron Ramp Davidtown, MA 56504","0094 Aaron Ramp Davidtown, MA 56504",Cancelled,Closed,Auction.com,Tampa,No,Minimal Flood,0094 Aaron Ramp,Davidtown,MA,56504,Condo,,,3.47,1544,No,No,No,City,Septic,1975,2455,6660,Driveway,2,3,,Ranch,4.31,7.32,,1,2223,282370,287574,561570,2827,2057,1801,3385,338,52010,92227,,,,,,Yes,No,No,Yes,No,,38.899034,-104.252501,Inlet,4870,533217,,Yes,,Luis Garcia,6.28
"450 Teresa Ferry Lake Juanport, SC 33889","450 Teresa Ferry Lake Juanport, SC 33889",Accepted Offer,Pending,Bulk,Florida,Yes,Flood Zone,450 Teresa Ferry,Lake Juanport,SC,33889,Townhouse,,Near,2.96,1415,No,Yes,,,Septic,1984,2103,1888,,6,4,Yes,Split,3.6,10.71,No,2,1786,103321,327789,599909,2348,2676,1274,1311,114,27119,18919,,,Yes,,No,No,Yes,Yes,No,,No,36.312587,-97.612539,Route,9404,364385,,No,No,Samantha Pierce,3.44
"97537 Welch Bridge North Nathanburgh, GA 43470","97537 Welch Bridge North Nathanburgh, GA 43470",Cancelled,Available,MLS,Dallas,Yes,Flood Zone,97537 Welch Bridge,North Nathanburgh,GA,43470,Townhouse,Far,Far,2.91,1454,No,Yes,,Well,City,2003,1253,8555,Garage,1,3,,Split,8.37,10.19,,4,1534,185762,321296,116576,1536,1890,969,2713,188,90785,77751,,Yes,No,Yes,,Yes,No,No,No,,Yes,37.089165,-87.388225,Ville,8850,508206,Downsizing,No,,Samantha Pierce,3.76
"8987 Abbott Street Suite 096 Markstad, IN 79942","8987 Abbott Street Suite 096 Markstad, IN 79942",Cancelled,Cancelled,MLS,Atlanta,Yes,,8987 Abbott Street Suite 096,Markstad,IN,79942,Duplex,Near,,2.54,1086,Yes,No,Yes,City,,2015,987,3000,Driveway,2,1,No,Colonial,10.66,15.94,,2,3475,104375,167057,333419,3053,1232,1920,2347,58,19914,6889,No,,No,Yes,,Yes,,Yes,Yes,,,41.881801,-106.764134,Street,9806,144119,Investor Sale,Yes,Yes,Emily Patel,6.26
"3979 Latasha Islands Suite 274 South Elizabeth, AR 24813","3979 Latasha Islands Suite 274 South Elizabeth, AR 24813",Accepted Offer,Pending,Opendoor,Dallas,,Flood Zone,3979 Latasha Islands Suite 274,South Elizabeth,AR,24813,Townhouse,Near,,1.72,359,,Yes,No,City,Septic,1967,2543,5864,Driveway,5,2,No,Colonial,8.06,10.34,,3,1003,301388,459097,432539,2404,3646,1068,2010,323,76662,29871,,,,Yes,No,,,No,No,Yes,No,38.318524,-113.788664,Mountain,8439,300748,Investor Sale,Yes,Yes,Samantha Pierce,3.11
"8031 Jonathan Plain Suite 487 Leontown, OH 12724","8031 Jonathan Plain Suite 487 Leontown, OH 12724",Reviewed,Cancelled,Bulk,Florida,,Minimal Flood,8031 Jonathan Plain Suite 487,Leontown,OH,12724,Duplex,,Far,2.06,1187,No,No,Yes,City,,2005,2806,7457,,5,1,Yes,Ranch,4.48,16.86,No,1,1883,169450,323190,261398,2539,2591,1905,3024,44,24342,25536,,No,,,No,No,,No,Yes,No,No,40.608972,-73.852426,Ford,3386,576758,Investor Sale,No,No,Emily Patel,5.9
"7219 Brandon Ridge Apt. 687 North Nancy, FL 83196","7219 Brandon Ridge Apt. 687 North Nancy, FL 83196",Cancelled,Cancelled,Bulk,Tampa,Yes,Flood Zone,7219 Brandon Ridge Apt. 687,North Nancy,FL,83196,Condo,Near,,1.72,1815,,Yes,,,,1988,934,6623,Street,3,2,No,Ranch,9.34,13.71,No,4,2513,492939,505875,244749,1598,1986,894,3194,299,18418,90874,,,Yes,No,,,Yes,,Yes,Yes,No,37.662591,-88.475917,Island,3236,255590,Investor Sale,No,Yes,Jessica Lin,6.82
"1829 Aaron Manors Suite 035 Andrewsville, SD 74251","1829 Aaron Manors Suite 035 Andrewsville, SD 74251",New,Closed,Opendoor,Tampa,No,Minimal Flood,1829 Aaron Manors Suite 035,Andrewsville,SD,74251,Townhouse,Near,,1.57,1331,,No,No,,,1976,1333,7188,Driveway,1,1,,Ranch,9.72,12.87,Yes,4,2938,165747,334487,445163,3321,3607,1613,2711,74,8653,65957,No,Yes,,No,Yes,,,No,No,No,,36.264169,-105.735448,Island,8800,520571,Downsizing,No,,Jason Miller,6.45
"904 Moore Garden Suite 290 Port Courtneymouth, AL 72590","904 Moore Garden Suite 290 Port Courtneymouth, AL 72590",Accepted Offer,Available,Bulk,Florida,Yes,Minimal Flood,904 Moore Garden Suite 290,Port Courtneymouth,AL,72590,Duplex,Near,Far,3.01,1656,,No,Yes,,,1998,3414,9207,Driveway,1,4,No,Colonial,4.62,6.1,Yes,4,3045,149474,147648,461192,923,3937,1086,1419,67,50512,94026,,,No,,No,Yes,No,,No,No,,41.718716,-94.99095,Meadows,9903,489968,Downsizing,,Yes,Sophia Williams,7.42
"0529 Garcia Terrace Apt. 640 East Heidichester, NJ 59701","0529 Garcia Terrace Apt. 640 East Heidichester, NJ 59701",Reviewed,Cancelled,Internal,Tampa,No,Flood Zone,0529 Garcia Terrace Apt. 640,East Heidichester,NJ,59701,Townhouse,,,3.22,976,Yes,,No,,City,2010,1017,6841,Driveway,5,3,,Ranch,4.76,19.09,Yes,5,1354,436615,454159,280134,1163,1352,1895,1451,457,87113,31806,Yes,No,Yes,,,,Yes,No,No,,Yes,34.219324,-77.281036,Union,8415,504093,Downsizing,Yes,,Jessica Lin,3.98
"207 Melissa Ports Owensland, AK 77660","207 Melissa Ports Owensland, AK 77660",Cancelled,Cancelled,Auction.com,Dallas,,,207 Melissa Ports,Owensland,AK,77660,Townhouse,Near,Near,1.83,1122,Yes,No,Yes,Well,Septic,1997,1715,5273,Driveway,5,4,Yes,Split,8.37,9.86,,5,2446,288159,475239,477912,1770,2556,1821,2955,209,46649,94645,,No,Yes,No,No,No,,Yes,Yes,,,39.775181,-89.877332,Lodge,5096,216825,Investor Sale,No,No,Michael Chen,5.93
